"","test_data[, 1]","predicted_labels"
"28",0,0
"37",0,0
"38",0,0
"42",0,1
"76",0,0
"77",0,0
"84",0,1
"85",0,0
"87",0,0
"93",0,0
"99",0,1
"106",0,0
"120",0,0
"136",0,0
"138",0,0
"143",0,1
"145",0,0
"148",0,0
"155",0,0
"166",0,1
"175",0,0
"181",0,0
"194",0,0
"199",0,1
"202",0,0
"207",0,0
"213",0,0
"214",0,0
"217",0,0
"221",0,0
"225",0,0
"226",0,0
"228",0,0
"255",0,0
"280",0,0
"295",0,0
"304",0,0
"309",0,0
"323",0,0
"326",0,0
"335",0,0
"349",0,0
"353",0,0
"372",0,0
"386",0,0
"396",0,0
"408",0,0
"416",0,0
"418",0,1
"425",0,1
"427",0,0
"428",0,1
"433",0,0
"441",0,0
"442",0,0
"446",0,0
"455",0,0
"459",0,0
"466",0,1
"473",0,0
"489",0,0
"496",0,0
"498",0,0
"506",0,0
"557",0,0
"567",0,0
"570",0,0
"583",0,0
"591",0,0
"595",0,0
"597",0,0
"606",0,0
"608",0,0
"617",0,0
"626",0,0
"628",0,0
"629",0,0
"659",0,0
"690",0,0
"695",0,1
"698",0,0
"715",0,0
"716",0,1
"735",0,0
"741",0,0
"751",0,0
"752",0,0
"753",0,0
"764",0,0
"789",0,0
"798",0,0
"809",0,0
"815",0,0
"819",0,0
"832",0,0
"852",0,0
"863",0,0
"869",0,0
"879",0,0
"883",0,0
"896",0,0
"898",0,1
"905",0,0
"920",0,0
"927",0,0
"937",0,0
"945",0,0
"951",0,0
"986",0,0
"987",0,0
"988",0,0
"1004",0,0
"1023",0,0
"1024",0,0
"1031",0,0
"1033",0,1
"1036",0,0
"1059",0,0
"1076",0,0
"1110",0,0
"1123",0,0
"1126",0,0
"1153",0,0
"1167",0,0
"1169",0,0
"1179",0,0
"1209",0,0
"1220",0,0
"1221",0,0
"1243",0,0
"1249",0,0
"1254",0,0
"1261",0,0
"1277",0,0
"1284",0,0
"1297",0,0
"1299",0,0
"1300",0,0
"1309",0,0
"1329",0,1
"1331",0,0
"1338",0,0
"1339",0,0
"1381",0,0
"1393",0,0
"1399",0,1
"1406",0,1
"1413",0,0
"1415",0,0
"1421",0,0
"1423",0,0
"1430",0,0
"1445",0,0
"1448",0,0
"1449",0,1
"1465",0,0
"1475",0,0
"1486",0,0
"1529",0,0
"1544",0,0
"1550",0,0
"1559",0,0
"1563",0,0
"1564",0,0
"1569",0,0
"1570",0,1
"1576",0,0
"1578",0,0
"1581",0,1
"1586",0,0
"1603",0,0
"1607",0,0
"1617",0,0
"1625",0,0
"1627",0,0
"1643",0,1
"1660",0,0
"1663",0,1
"1668",0,1
"1678",0,0
"1682",0,1
"1707",0,0
"1746",0,0
"1747",0,0
"1797",0,0
"1799",0,1
"1822",0,0
"1828",0,0
"1846",0,0
"1868",0,0
"1924",0,0
"1942",0,0
"1951",0,0
"1962",0,0
"1976",0,0
"1977",0,0
"1982",0,0
"1991",0,0
"1993",0,0
"1994",0,0
"1997",0,0
"2001",0,0
"2044",0,0
"2056",0,0
"2060",0,0
"2072",0,0
"2088",0,0
"2100",0,0
"2103",0,0
"2111",0,0
"2115",0,1
"2118",0,0
"2163",0,0
"2173",0,0
"2187",0,0
"2194",0,0
"2202",0,1
"2221",0,0
"2234",0,0
"2265",0,0
"2269",0,0
"2301",0,0
"2311",0,1
"2317",0,0
"2325",0,0
"2333",0,1
"2337",0,0
"2339",0,0
"2365",0,0
"2369",0,1
"2402",0,0
"2408",0,0
"2424",0,0
"2429",0,0
"2431",0,0
"2434",0,0
"2438",0,0
"2450",0,0
"2453",0,1
"2458",0,0
"2467",0,0
"2473",0,0
"2480",0,0
"2486",0,0
"2529",0,0
"2533",0,0
"2535",0,0
"2541",0,0
"2564",0,0
"2566",0,0
"2603",0,1
"2609",0,0
"2624",0,0
"2626",0,0
"2639",0,0
"2640",0,0
"2649",0,1
"2651",0,0
"2656",0,0
"2666",0,0
"2683",0,0
"2686",0,0
"2725",0,0
"2727",0,0
"2748",0,0
"2758",0,0
"2761",0,0
"2771",0,1
"2779",0,0
"2790",0,0
"2793",0,0
"2802",0,0
"2803",0,0
"2806",0,0
"2824",0,0
"2827",0,0
"2828",0,0
"2838",0,0
"2850",0,0
"2851",0,1
"2870",0,0
"2877",0,0
"2903",0,0
"2908",0,0
"2929",0,0
"2940",0,0
"2942",0,0
"2966",0,0
"2970",0,0
"2974",0,1
"2975",0,0
"2991",0,0
"2994",0,0
"3007",0,0
"3031",0,1
"3041",0,0
"3061",0,0
"3066",0,0
"3099",0,0
"3113",0,0
"3122",0,0
"3125",0,0
"3129",0,0
"3169",0,0
"3171",0,0
"3193",0,1
"3194",0,0
"3207",0,0
"3208",0,0
"3221",0,0
"3223",0,0
"3255",0,0
"3259",0,1
"3280",0,1
"3288",0,0
"3327",0,0
"3329",0,0
"3331",0,0
"3341",0,1
"3358",0,0
"3368",0,0
"3382",0,0
"3383",0,1
"3399",0,0
"3409",0,0
"3412",0,0
"3420",0,0
"3435",0,0
"3446",0,0
"3447",0,0
"3474",0,0
"3482",0,0
"3490",0,0
"3513",0,0
"3538",0,1
"3539",0,0
"3544",0,0
"3553",0,0
"3560",0,1
"3563",0,0
"3564",0,0
"3566",0,0
"3586",0,0
"3594",0,0
"3609",0,0
"3622",0,1
"3632",0,0
"3659",0,0
"3662",0,0
"3675",0,0
"3683",0,0
"3685",0,0
"3686",0,1
"3698",0,1
"3711",0,0
"3723",0,0
"3733",0,0
"3739",0,0
"3747",0,0
"3754",0,0
"3756",0,0
"3758",0,0
"3775",0,0
"3783",0,0
"3790",0,0
"3813",0,0
"3816",0,0
"3821",0,0
"3833",0,0
"3852",0,0
"3853",0,0
"3870",0,1
"3877",0,0
"3895",0,0
"3899",0,0
"3915",0,0
"3930",0,0
"3948",0,1
"3971",0,0
"3980",0,0
"4008",0,0
"4028",0,1
"4029",0,0
"4038",0,0
"4039",0,0
"4042",0,0
"4086",0,0
"4096",0,0
"4097",0,0
"4105",0,0
"4126",0,1
"4130",0,0
"4141",0,0
"4152",0,0
"4174",0,0
"4177",0,1
"4182",0,0
"4183",0,0
"4188",0,0
"4191",0,1
"4208",0,0
"4233",0,0
"4235",0,0
"4244",0,0
"4261",0,0
"4271",0,0
"4285",0,0
"4292",0,0
"4305",0,0
"4342",0,0
"4346",0,1
"4348",0,0
"4353",0,1
"4356",0,0
"4361",0,0
"4367",0,0
"4400",0,0
"4412",0,0
"4414",0,0
"4424",0,0
"4452",0,0
"4454",0,0
"4475",0,0
"4477",0,0
"4480",0,0
"4481",0,0
"4485",0,0
"4489",0,0
"4493",0,0
"4497",0,1
"4514",0,1
"4539",0,0
"4541",0,0
"4549",0,0
"4550",0,0
"4563",0,0
"4571",0,0
"4594",0,1
"4596",0,0
"4613",0,1
"4615",0,0
"4622",0,0
"4637",0,0
"4643",0,0
"4648",0,0
"4650",0,1
"4653",0,1
"4677",0,0
"4691",0,0
"4715",0,0
"4717",0,0
"4726",0,0
"4733",0,0
"4743",0,1
"4744",0,0
"4769",0,0
"4799",0,0
"4805",0,0
"4809",0,1
"4810",0,0
"4812",0,0
"4816",0,1
"4822",0,0
"4842",0,0
"4852",0,1
"4855",0,0
"4899",0,1
"4900",0,0
"4901",0,0
"4903",0,0
"4911",0,0
"4917",0,1
"4935",0,0
"4949",0,0
"4969",0,0
"4988",0,1
"4996",0,1
"4997",0,0
"4998",0,0
"5009",0,0
"5025",0,0
"5027",0,1
"5029",0,0
"5033",0,0
"5048",0,0
"5066",0,0
"5080",0,0
"5093",0,1
"5101",0,1
"5102",0,0
"5103",0,0
"5104",0,1
"5111",0,0
"5123",0,0
"5129",0,0
"5142",0,0
"5152",0,0
"5155",0,0
"5182",0,0
"5185",0,0
"5187",0,0
"5188",0,0
"5196",0,0
"5202",0,0
"5210",0,1
"5220",0,0
"5223",0,0
"5231",0,0
"5263",0,0
"5277",0,0
"5284",0,1
"5293",0,0
"5300",0,1
"5303",0,0
"5308",0,0
"5311",0,0
"5320",0,1
"5336",0,0
"5340",0,0
"5348",0,1
"5354",0,0
"5362",0,1
"5373",0,0
"5379",0,0
"5380",0,0
"5383",0,0
"5410",0,1
"5441",0,0
"5454",0,1
"5459",0,0
"5460",0,0
"5466",0,0
"5480",0,0
"5482",0,1
"5485",0,1
"5486",0,0
"5491",0,1
"5494",0,0
"5526",0,0
"5529",0,0
"5530",0,0
"5533",0,0
"5534",0,0
"5537",0,0
"5545",0,1
"5555",0,1
"5570",0,0
"5582",0,1
"5589",0,0
"5595",0,0
"5596",0,1
"5602",0,0
"5619",0,0
"5621",0,0
"5623",0,1
"5626",0,0
"5627",0,0
"5632",0,0
"5635",0,0
"5639",0,0
"5644",0,1
"5664",0,0
"5679",0,1
"5687",0,0
"5692",0,0
"5705",0,0
"5712",0,0
"5714",0,0
"5729",0,0
"5738",0,1
"5745",0,1
"5750",0,1
"5760",0,0
"5765",0,0
"5775",0,0
"5783",0,0
"5790",0,0
"5811",0,0
"5821",0,0
"5825",0,1
"5829",0,0
"5840",0,1
"5847",0,0
"5849",0,1
"5858",0,0
"5869",0,0
"5884",0,0
"5892",0,0
"5904",0,0
"5916",0,0
"5918",0,0
"5920",0,0
"5925",0,1
"5932",0,1
"5949",0,0
"5950",0,0
"5952",0,0
"5963",0,0
"5991",0,0
"5995",0,0
"5998",0,0
"6000",0,0
"6011",0,0
"6014",0,0
"6024",0,0
"6039",0,0
"6040",0,0
"6042",0,0
"6045",0,0
"6047",0,1
"6052",0,0
"6060",0,0
"6071",0,0
"6072",0,0
"6102",0,0
"6105",0,0
"6117",0,0
"6122",0,0
"6137",0,0
"6225",0,0
"6256",0,0
"6269",0,0
"6271",0,0
"6292",0,0
"6293",0,0
"6308",0,0
"6310",0,0
"6312",0,0
"6324",0,0
"6388",0,0
"6393",0,0
"6401",0,0
"6413",0,0
"6414",0,1
"6415",0,0
"6431",0,0
"6435",0,1
"6443",0,0
"6446",0,1
"6459",0,0
"6463",0,1
"6477",0,0
"6479",0,0
"6485",0,0
"6494",0,0
"6495",0,1
"6496",0,0
"6502",0,0
"6510",0,0
"6517",0,0
"6535",0,0
"6539",0,0
"6543",0,0
"6548",0,0
"6560",0,0
"6561",0,0
"6569",0,0
"6582",0,1
"6587",0,0
"6589",0,0
"6592",0,0
"6609",0,0
"6611",0,0
"6625",0,0
"6628",0,0
"6641",0,1
"6647",0,0
"6666",0,0
"6674",0,0
"6678",0,0
"6683",0,0
"6685",0,0
"6687",0,0
"6713",0,0
"6731",0,1
"6746",0,0
"6787",0,0
"6794",0,0
"6813",0,1
"6869",0,0
"6877",0,0
"6886",0,0
"6891",0,1
"6893",0,0
"6906",0,0
"6922",0,1
"6928",0,0
"6933",0,0
"6936",0,0
"6942",0,0
"6948",0,0
"6950",0,0
"6959",0,1
"6963",0,0
"6965",0,0
"6973",0,0
"6974",0,0
"6977",0,0
"7015",0,0
"7019",0,0
"7021",0,1
"7030",0,0
"7040",0,0
"7049",0,0
"7052",0,0
"7055",0,0
"7065",0,1
"7082",0,0
"7084",0,0
"7091",0,0
"7093",0,0
"7117",0,0
"7119",0,0
"7138",0,0
"7139",0,0
"7151",0,0
"7157",0,0
"7161",0,1
"7165",0,0
"7169",0,0
"7184",0,1
"7185",0,1
"7188",0,0
"7190",0,0
"7197",0,1
"7225",0,0
"7238",0,0
"7246",0,0
"7251",0,1
"7260",0,1
"7276",0,1
"7280",0,0
"7301",0,1
"7308",0,0
"7310",0,0
"7355",0,0
"7356",0,0
"7362",0,0
"7366",0,0
"7380",0,0
"7397",0,0
"7415",0,0
"7455",0,1
"7484",0,0
"7488",0,0
"7510",0,0
"7513",0,0
"7527",0,0
"7528",0,0
"7532",0,0
"7544",0,0
"7588",0,1
"7593",0,0
"7617",0,0
"7625",0,0
"7631",0,1
"7638",0,0
"7655",0,0
"7668",0,0
"7673",0,0
"7684",0,0
"7722",0,0
"7749",0,0
"7753",0,0
"7764",0,0
"7789",0,0
"7806",0,0
"7811",0,1
"7820",0,0
"7823",0,0
"7833",0,0
"7839",0,0
"7845",0,0
"7853",0,0
"7856",0,0
"7859",0,1
"7885",0,0
"7896",0,1
"7902",0,0
"7911",0,1
"7919",0,0
"7926",0,0
"7932",0,0
"7937",0,0
"7947",0,0
"7948",0,0
"7949",0,0
"7953",0,0
"7956",0,0
"7961",0,0
"7965",0,0
"7969",0,0
"7983",0,0
"7999",0,0
"8026",0,0
"8035",0,0
"8071",0,1
"8073",0,0
"8075",0,0
"8081",0,0
"8095",0,0
"8133",0,0
"8141",0,0
"8163",0,1
"8169",0,0
"8173",0,0
"8191",0,0
"8200",0,0
"8204",0,1
"8216",0,0
"8218",0,0
"8224",0,1
"8226",0,0
"8229",0,0
"8241",0,0
"8251",0,1
"8282",0,0
"8297",0,0
"8307",0,1
"8322",0,0
"8335",0,0
"8341",0,0
"8362",0,0
"8364",0,0
"8370",0,0
"8373",0,0
"8382",0,0
"8384",0,1
"8397",0,1
"8398",0,0
"8424",0,0
"8440",0,1
"8449",0,0
"8456",0,0
"8458",0,0
"8467",0,1
"8482",0,0
"8497",0,0
"8503",0,0
"8506",0,0
"8514",0,0
"8522",0,1
"8533",0,0
"8542",0,0
"8558",0,0
"8622",0,0
"8644",0,1
"8651",0,0
"8655",0,1
"8668",0,0
"8671",0,0
"8686",0,1
"8691",0,1
"8706",0,0
"8709",0,0
"8715",0,0
"8716",0,0
"8719",0,0
"8729",0,0
"8742",0,0
"8749",0,1
"8752",0,0
"8757",0,0
"8768",0,0
"8772",0,0
"8779",0,0
"8781",0,1
"8793",0,0
"8798",0,0
"8834",0,0
"8839",0,0
"8841",0,0
"8865",0,0
"8880",0,0
"8901",0,1
"8902",0,0
"8918",0,0
"8921",0,0
"8938",0,0
"8939",0,0
"8948",0,0
"8951",0,0
"8972",0,1
"9025",0,0
"9034",0,0
"9036",0,0
"9042",0,1
"9043",0,0
"9054",0,1
"9059",0,0
"9071",0,0
"9077",0,0
"9079",0,0
"9092",0,0
"9107",0,0
"9114",0,0
"9129",0,0
"9131",0,0
"9157",0,0
"9160",0,1
"9162",0,0
"9167",0,0
"9178",0,1
"9182",0,0
"9191",0,1
"9195",0,0
"9197",0,1
"9211",0,0
"9212",0,0
"9244",0,1
"9269",0,1
"9301",0,0
"9305",0,0
"9306",0,0
"9328",0,0
"9331",0,0
"9335",0,0
"9349",0,1
"9362",0,0
"9380",0,0
"9400",0,0
"9413",0,0
"9429",0,0
"9440",0,0
"9460",0,1
"9471",0,0
"9473",0,0
"9485",0,0
"9504",0,0
"9507",0,1
"9512",0,0
"9513",0,0
"9540",0,0
"9541",0,0
"9552",0,0
"9586",0,0
"9591",0,0
"9601",0,0
"9610",0,0
"9616",0,0
"9619",0,0
"9621",0,0
"9635",0,0
"9640",0,0
"9658",0,0
"9659",0,0
"9663",0,1
"9670",0,0
"9698",0,0
"9711",0,0
"9714",0,0
"9715",0,0
"9718",0,0
"9721",0,0
"9722",0,0
"9744",0,0
"9766",0,0
"9771",0,0
"9776",0,0
"9791",0,0
"9825",0,0
"9855",0,0
"9868",0,0
"9880",0,0
"9890",0,0
"9899",0,0
"9903",0,0
"9904",0,1
"9911",0,0
"9915",0,0
"9917",0,0
"9937",0,0
"9947",0,0
"9950",0,0
"9961",0,0
"9962",0,0
"9978",0,1
"10016",0,0
"10018",0,0
"10022",0,0
"10027",0,0
"10030",0,0
"10032",0,0
"10035",0,0
"10037",0,0
"10061",0,0
"10062",0,0
"10067",0,0
"10071",0,0
"10080",0,0
"10082",0,0
"10110",0,0
"10113",0,0
"10115",0,1
"10136",0,0
"10142",0,0
"10143",0,0
"10151",0,1
"10164",0,1
"10175",0,0
"10190",0,1
"10214",0,1
"10234",0,0
"10238",0,0
"10239",0,0
"10240",0,0
"10252",0,0
"10257",0,0
"10266",0,0
"10267",0,0
"10284",0,0
"10290",0,0
"10299",0,0
"10324",0,1
"10328",0,0
"10350",0,0
"10352",0,0
"10355",0,0
"10361",0,0
"10383",0,0
"10386",0,0
"10403",0,0
"10408",0,1
"10411",0,0
"10417",0,0
"10423",0,0
"10439",0,0
"10440",0,0
"10448",0,1
"10469",0,0
"10489",0,0
"10501",0,0
"10505",0,0
"10516",0,0
"10538",0,0
"10545",0,0
"10546",0,1
"10570",0,0
"10574",0,0
"10584",0,0
"10601",0,0
"10617",0,0
"10625",0,1
"10631",0,0
"10634",0,0
"10636",0,0
"10639",0,0
"10640",0,0
"10644",0,0
"10648",0,0
"10658",0,0
"10666",0,0
"10667",0,0
"10679",0,0
"10683",0,1
"10688",0,0
"10696",0,0
"10712",0,0
"10718",0,0
"10738",0,0
"10739",0,1
"10752",0,0
"10754",0,0
"10758",0,0
"10759",0,0
"10760",0,0
"10765",0,0
"10784",0,0
"10791",0,0
"10794",0,0
"10802",0,0
"10809",0,1
"10811",0,0
"10813",0,0
"10850",0,0
"10856",0,0
"10862",0,0
"10879",0,0
"10886",0,0
"10903",0,0
"10913",0,0
"10924",0,0
"10948",0,1
"10954",0,0
"10967",0,0
"10994",0,0
"10996",0,0
"10998",0,0
"11011",0,0
"11016",0,0
"11022",0,0
"11038",0,0
"11039",0,0
"11064",0,0
"11083",0,0
"11090",0,0
"11096",0,0
"11107",0,1
"11113",0,0
"11114",0,0
"11132",0,0
"11135",0,1
"11137",0,0
"11168",0,0
"11183",0,0
"11186",0,0
"11187",0,0
"11195",0,0
"11219",0,0
"11224",0,0
"11242",0,0
"11257",0,0
"11258",0,0
"11269",0,0
"11277",0,0
"11287",0,0
"11291",0,0
"11298",0,0
"11301",0,0
"11305",0,1
"11306",0,0
"11326",0,0
"11331",0,0
"11343",0,1
"11359",0,0
"11363",0,0
"11373",0,0
"11386",0,0
"11393",0,0
"11400",0,0
"11401",0,0
"11407",0,0
"11418",0,0
"11422",0,0
"11437",0,0
"11450",0,0
"11467",0,0
"11468",0,0
"11474",0,0
"11475",0,0
"11485",0,0
"11496",0,0
"11499",0,0
"11505",0,0
"11511",0,1
"11516",0,0
"11525",0,0
"11532",0,0
"11545",0,0
"11547",0,0
"11551",0,0
"11554",0,0
"11562",0,0
"11578",0,0
"11583",0,0
"11590",0,1
"11604",0,0
"11608",0,0
"11633",0,0
"11639",0,0
"11648",0,0
"11650",0,0
"11656",0,0
"11666",0,0
"11670",0,1
"11676",0,0
"11681",0,0
"11688",0,0
"11691",0,0
"11696",0,0
"11697",0,0
"11701",0,0
"11715",0,0
"11738",0,0
"11747",0,0
"11752",0,0
"11754",0,0
"11773",0,0
"11775",0,0
"11778",0,0
"11798",0,0
"11821",0,0
"11824",0,0
"11826",0,0
"11840",0,0
"11856",0,1
"11876",0,0
"11884",0,1
"11885",0,0
"11904",0,0
"11911",0,0
"11913",0,1
"11919",0,0
"11951",0,0
"11963",0,0
"11979",0,0
"11991",0,0
"12002",0,0
"12012",0,1
"12018",0,1
"12019",0,0
"12020",0,0
"12034",0,0
"12050",0,0
"12055",0,0
"12063",0,0
"12076",0,0
"12082",0,0
"12083",0,0
"12087",0,0
"12097",0,0
"12100",0,0
"12108",0,0
"12125",0,0
"12130",0,1
"12143",0,0
"12181",0,0
"12190",0,0
"12196",0,0
"12199",0,0
"12201",0,0
"12229",0,0
"12240",0,0
"12242",0,0
"12249",0,0
"12253",0,0
"12255",0,0
"12268",0,0
"12276",0,1
"12290",0,0
"12293",0,0
"12303",0,0
"12338",0,1
"12349",0,0
"12371",0,0
"12381",0,0
"12389",0,0
"12410",0,0
"12430",0,0
"12433",0,1
"12437",0,1
"12460",0,0
"12471",0,0
"12481",0,0
"12482",0,0
"12483",0,0
"12485",0,0
"12490",0,0
"12491",0,0
"12496",0,0
"12507",1,1
"12526",1,0
"12530",1,1
"12537",1,0
"12606",1,0
"12611",1,1
"12618",1,0
"12621",1,0
"12625",1,0
"12627",1,1
"12647",1,1
"12656",1,1
"12659",1,1
"12661",1,1
"12693",1,0
"12699",1,0
"12703",1,0
"12707",1,1
"12712",1,1
"12715",1,1
"12725",1,0
"12739",1,1
"12747",1,0
"12759",1,0
"12764",1,0
"12772",1,1
"12777",1,1
"12786",1,1
"12793",1,0
"12794",1,0
"12797",1,1
"12798",1,0
"12800",1,1
"12801",1,0
"12813",1,1
"12825",1,0
"12828",1,0
"12840",1,1
"12842",1,1
"12859",1,0
"12866",1,0
"12873",1,0
"12876",1,0
"12884",1,0
"12885",1,0
"12887",1,1
"12888",1,1
"12905",1,0
"12948",1,0
"12950",1,0
"12954",1,1
"12966",1,1
"12969",1,0
"12977",1,0
"12980",1,1
"12985",1,0
"12990",1,0
"12996",1,0
"13008",1,0
"13021",1,0
"13025",1,0
"13043",1,0
"13047",1,0
"13053",1,0
"13061",1,1
"13064",1,0
"13065",1,1
"13075",1,1
"13077",1,0
"13081",1,0
"13087",1,0
"13089",1,1
"13102",1,1
"13136",1,0
"13138",1,0
"13174",1,0
"13196",1,0
"13200",1,1
"13202",1,0
"13210",1,1
"13212",1,1
"13215",1,1
"13233",1,1
"13259",1,1
"13273",1,1
"13277",1,1
"13284",1,1
"13286",1,1
"13299",1,1
"13300",1,0
"13301",1,0
"13310",1,0
"13335",1,0
"13361",1,1
"13369",1,0
"13388",1,0
"13404",1,0
"13413",1,0
"13431",1,1
"13432",1,0
"13446",1,1
"13448",1,1
"13458",1,0
"13464",1,0
"13473",1,0
"13500",1,0
"13535",1,1
"13537",1,0
"13556",1,0
"13561",1,1
"13566",1,0
"13569",1,0
"13594",1,1
"13640",1,1
"13648",1,0
"13649",1,1
"13650",1,0
"13668",1,0
"13675",1,1
"13682",1,0
"13699",1,1
"13700",1,0
"13719",1,0
"13739",1,0
"13743",1,0
"13790",1,0
"13791",1,1
"13801",1,0
"13829",1,1
"13834",1,0
"13844",1,1
"13845",1,1
"13881",1,0
"13898",1,0
"13912",1,1
"13923",1,0
"13934",1,0
"13936",1,1
"13938",1,0
"13943",1,1
"13948",1,1
"13956",1,0
"13960",1,0
"13990",1,1
"13994",1,0
"13996",1,0
"14031",1,0
"14032",1,0
"14039",1,0
"14049",1,0
"14054",1,0
"14056",1,0
"14068",1,0
"14070",1,1
"14088",1,0
"14100",1,0
"14122",1,0
"14123",1,1
"14138",1,0
"14149",1,0
"14153",1,1
"14157",1,1
"14174",1,0
"14187",1,1
"14211",1,0
"14212",1,0
"14224",1,0
"14228",1,1
"14242",1,0
"14245",1,1
"14252",1,1
"14262",1,1
"14278",1,0
"14286",1,0
"14287",1,1
"14294",1,0
"14299",1,1
"14307",1,1
"14311",1,0
"14312",1,1
"14313",1,0
"14317",1,0
"14350",1,0
"14351",1,0
"14355",1,1
"14367",1,0
"14372",1,1
"14410",1,0
"14417",1,0
"14433",1,1
"14438",1,0
"14440",1,1
"14441",1,1
"14464",1,1
"14468",1,1
"14472",1,0
"14479",1,0
"14482",1,0
"14501",1,0
"14504",1,0
"14510",1,0
"14514",1,1
"14515",1,1
"14517",1,1
"14539",1,0
"14541",1,1
"14561",1,1
"14577",1,1
"14580",1,1
"14583",1,1
"14585",1,0
"14592",1,1
"14598",1,0
"14604",1,1
"14605",1,0
"14614",1,0
"14636",1,0
"14638",1,1
"14641",1,0
"14648",1,0
"14688",1,0
"14692",1,0
"14697",1,0
"14704",1,0
"14708",1,0
"14751",1,1
"14757",1,0
"14763",1,0
"14766",1,0
"14795",1,0
"14801",1,0
"14817",1,1
"14824",1,1
"14835",1,1
"14839",1,0
"14844",1,0
"14849",1,0
"14860",1,1
"14864",1,0
"14881",1,1
"14883",1,0
"14891",1,1
"14896",1,0
"14906",1,1
"14931",1,1
"14938",1,0
"14953",1,0
"14964",1,0
"14970",1,1
"14982",1,1
"14984",1,0
"14990",1,0
"15000",1,0
"15006",1,1
"15008",1,0
"15010",1,0
"15020",1,0
"15026",1,1
"15030",1,0
"15036",1,0
"15044",1,0
"15054",1,1
"15064",1,0
"15066",1,1
"15079",1,1
"15091",1,0
"15093",1,1
"15094",1,1
"15109",1,0
"15113",1,0
"15119",1,1
"15122",1,0
"15134",1,0
"15135",1,0
"15140",1,0
"15142",1,1
"15154",1,0
"15159",1,0
"15176",1,0
"15178",1,0
"15189",1,0
"15193",1,0
"15202",1,1
"15211",1,0
"15217",1,0
"15218",1,0
"15236",1,0
"15240",1,1
"15251",1,1
"15270",1,0
"15274",1,0
"15278",1,0
"15283",1,0
"15288",1,0
"15294",1,1
"15300",1,0
"15312",1,1
"15318",1,0
"15319",1,0
"15335",1,1
"15355",1,0
"15368",1,0
"15375",1,0
"15378",1,0
"15388",1,0
"15401",1,0
"15403",1,0
"15425",1,0
"15429",1,0
"15432",1,1
"15437",1,0
"15444",1,1
"15446",1,1
"15458",1,0
"15468",1,1
"15471",1,0
"15476",1,1
"15481",1,1
"15486",1,0
"15490",1,1
"15499",1,0
"15500",1,1
"15503",1,0
"15511",1,0
"15516",1,0
"15530",1,0
"15535",1,1
"15538",1,0
"15552",1,0
"15561",1,0
"15569",1,0
"15589",1,1
"15603",1,1
"15611",1,0
"15612",1,1
"15623",1,1
"15627",1,0
"15650",1,1
"15652",1,0
"15671",1,1
"15678",1,1
"15685",1,1
"15690",1,1
"15715",1,0
"15719",1,0
"15733",1,1
"15734",1,1
"15736",1,1
"15763",1,1
"15769",1,0
"15773",1,0
"15783",1,0
"15792",1,0
"15812",1,0
"15813",1,1
"15842",1,0
"15846",1,1
"15856",1,0
"15880",1,0
"15891",1,1
"15963",1,0
"15968",1,0
"15981",1,1
"15992",1,1
"15994",1,0
"15997",1,0
"16010",1,1
"16011",1,0
"16038",1,1
"16069",1,1
"16077",1,0
"16100",1,0
"16105",1,0
"16117",1,1
"16124",1,1
"16127",1,0
"16133",1,1
"16137",1,1
"16155",1,0
"16163",1,0
"16202",1,0
"16214",1,1
"16216",1,1
"16269",1,0
"16282",1,0
"16300",1,0
"16304",1,0
"16306",1,1
"16307",1,0
"16336",1,1
"16340",1,1
"16362",1,0
"16364",1,0
"16371",1,0
"16373",1,1
"16374",1,1
"16385",1,0
"16410",1,1
"16426",1,1
"16431",1,1
"16438",1,0
"16445",1,1
"16451",1,0
"16458",1,0
"16466",1,0
"16475",1,0
"16481",1,1
"16503",1,0
"16514",1,1
"16518",1,0
"16522",1,1
"16548",1,0
"16550",1,0
"16562",1,1
"16581",1,1
"16586",1,0
"16589",1,1
"16602",1,0
"16604",1,1
"16607",1,1
"16612",1,1
"16614",1,0
"16638",1,0
"16639",1,1
"16644",1,0
"16651",1,0
"16655",1,0
"16687",1,0
"16695",1,0
"16717",1,0
"16720",1,0
"16727",1,0
"16734",1,1
"16747",1,1
"16768",1,1
"16778",1,0
"16787",1,0
"16793",1,0
"16810",1,1
"16823",1,0
"16838",1,0
"16839",1,0
"16844",1,0
"16863",1,1
"16866",1,0
"16870",1,0
"16886",1,0
"16893",1,0
"16909",1,0
"16922",1,0
"16933",1,0
"16937",1,0
"16952",1,1
"16965",1,0
"16966",1,0
"16989",1,0
"16998",1,0
"17011",1,0
"17020",1,1
"17026",1,0
"17034",1,0
"17055",1,1
"17060",1,0
"17064",1,0
"17070",1,1
"17111",1,1
"17123",1,0
"17126",1,1
"17146",1,0
"17148",1,1
"17149",1,1
"17154",1,0
"17155",1,1
"17165",1,0
"17209",1,1
"17230",1,1
"17255",1,0
"17289",1,0
"17301",1,0
"17317",1,0
"17324",1,1
"17326",1,1
"17327",1,1
"17334",1,0
"17339",1,0
"17344",1,1
"17352",1,0
"17362",1,1
"17376",1,1
"17388",1,0
"17398",1,0
"17399",1,1
"17408",1,0
"17416",1,0
"17428",1,1
"17442",1,0
"17445",1,1
"17448",1,1
"17452",1,1
"17464",1,1
"17466",1,0
"17478",1,1
"17499",1,0
"17511",1,0
"17517",1,1
"17533",1,0
"17534",1,1
"17539",1,0
"17552",1,1
"17558",1,1
"17563",1,0
"17566",1,0
"17590",1,0
"17615",1,0
"17616",1,1
"17637",1,0
"17638",1,0
"17648",1,0
"17655",1,1
"17658",1,0
"17660",1,0
"17668",1,1
"17670",1,0
"17671",1,0
"17672",1,0
"17679",1,0
"17693",1,0
"17696",1,0
"17716",1,1
"17717",1,0
"17740",1,0
"17744",1,0
"17755",1,0
"17758",1,0
"17765",1,1
"17812",1,1
"17816",1,0
"17821",1,0
"17822",1,0
"17837",1,0
"17847",1,1
"17874",1,0
"17877",1,0
"17882",1,1
"17894",1,0
"17895",1,1
"17900",1,0
"17916",1,1
"17922",1,1
"17934",1,0
"17948",1,1
"17963",1,0
"17974",1,1
"17993",1,0
"18005",1,1
"18006",1,1
"18021",1,1
"18023",1,1
"18024",1,1
"18026",1,0
"18033",1,0
"18042",1,0
"18045",1,0
"18046",1,1
"18077",1,0
"18088",1,1
"18091",1,0
"18095",1,1
"18103",1,1
"18114",1,0
"18118",1,0
"18120",1,0
"18133",1,0
"18145",1,1
"18148",1,1
"18168",1,0
"18178",1,1
"18183",1,1
"18186",1,0
"18195",1,1
"18219",1,0
"18233",1,0
"18234",1,1
"18236",1,0
"18270",1,0
"18306",1,1
"18311",1,1
"18318",1,0
"18323",1,0
"18325",1,1
"18326",1,0
"18331",1,1
"18335",1,0
"18337",1,1
"18350",1,0
"18359",1,1
"18360",1,0
"18372",1,1
"18375",1,1
"18393",1,0
"18402",1,0
"18422",1,0
"18423",1,1
"18426",1,1
"18438",1,1
"18439",1,0
"18450",1,0
"18486",1,1
"18505",1,1
"18507",1,0
"18510",1,0
"18514",1,1
"18544",1,0
"18568",1,0
"18569",1,0
"18595",1,0
"18602",1,1
"18604",1,0
"18605",1,1
"18606",1,1
"18614",1,0
"18620",1,1
"18627",1,1
"18634",1,1
"18636",1,1
"18655",1,0
"18664",1,0
"18730",1,0
"18735",1,1
"18744",1,1
"18745",1,0
"18752",1,1
"18789",1,0
"18796",1,1
"18812",1,1
"18817",1,0
"18819",1,0
"18823",1,1
"18824",1,0
"18850",1,1
"18866",1,0
"18891",1,1
"18926",1,0
"18929",1,1
"18932",1,1
"18939",1,0
"18947",1,1
"18957",1,1
"18966",1,1
"18975",1,1
"18983",1,1
"18987",1,0
"18999",1,1
"19010",1,0
"19023",1,0
"19032",1,0
"19034",1,0
"19038",1,0
"19045",1,1
"19047",1,0
"19057",1,0
"19077",1,1
"19080",1,1
"19098",1,0
"19105",1,1
"19114",1,1
"19115",1,0
"19119",1,1
"19125",1,0
"19126",1,1
"19127",1,0
"19129",1,1
"19147",1,0
"19150",1,0
"19152",1,0
"19170",1,1
"19178",1,0
"19181",1,1
"19192",1,1
"19193",1,1
"19203",1,0
"19210",1,0
"19218",1,1
"19219",1,0
"19223",1,0
"19228",1,0
"19233",1,1
"19235",1,1
"19237",1,1
"19241",1,0
"19267",1,0
"19295",1,1
"19297",1,0
"19304",1,0
"19310",1,0
"19311",1,1
"19322",1,1
"19324",1,1
"19330",1,1
"19345",1,1
"19346",1,0
"19350",1,1
"19351",1,1
"19354",1,1
"19358",1,0
"19359",1,1
"19366",1,0
"19367",1,0
"19382",1,0
"19383",1,1
"19385",1,0
"19401",1,0
"19407",1,0
"19420",1,1
"19427",1,0
"19440",1,0
"19444",1,0
"19446",1,0
"19449",1,1
"19455",1,0
"19458",1,0
"19468",1,1
"19481",1,0
"19484",1,0
"19491",1,0
"19509",1,0
"19528",1,1
"19537",1,1
"19540",1,1
"19544",1,1
"19548",1,1
"19550",1,0
"19552",1,1
"19564",1,0
"19592",1,0
"19597",1,1
"19606",1,0
"19613",1,1
"19637",1,0
"19656",1,1
"19657",1,1
"19665",1,0
"19670",1,0
"19678",1,0
"19685",1,0
"19701",1,0
"19710",1,1
"19737",1,0
"19748",1,0
"19750",1,0
"19759",1,1
"19760",1,0
"19762",1,1
"19775",1,0
"19778",1,1
"19779",1,1
"19802",1,0
"19810",1,1
"19845",1,0
"19847",1,1
"19869",1,1
"19873",1,0
"19878",1,0
"19886",1,0
"19906",1,0
"19909",1,1
"19910",1,1
"19926",1,0
"19937",1,1
"19944",1,0
"19964",1,1
"19971",1,0
"19988",1,0
"19993",1,1
"20000",1,0
"20006",1,1
"20022",1,0
"20036",1,0
"20055",1,1
"20060",1,1
"20075",1,1
"20080",1,0
"20094",1,0
"20109",1,1
"20116",1,1
"20120",1,0
"20138",1,0
"20154",1,1
"20167",1,1
"20179",1,0
"20214",1,0
"20219",1,0
"20233",1,0
"20235",1,1
"20247",1,1
"20249",1,1
"20257",1,0
"20259",1,0
"20269",1,0
"20273",1,1
"20276",1,0
"20299",1,0
"20310",1,1
"20316",1,0
"20325",1,0
"20327",1,1
"20353",1,0
"20360",1,0
"20367",1,1
"20371",1,1
"20376",1,0
"20394",1,1
"20404",1,0
"20405",1,1
"20446",1,0
"20448",1,1
"20453",1,0
"20461",1,0
"20472",1,0
"20494",1,0
"20552",1,0
"20554",1,1
"20559",1,0
"20562",1,1
"20565",1,0
"20572",1,0
"20575",1,1
"20576",1,0
"20590",1,1
"20599",1,0
"20611",1,0
"20612",1,0
"20650",1,0
"20655",1,0
"20659",1,0
"20661",1,1
"20696",1,1
"20697",1,1
"20704",1,0
"20721",1,1
"20727",1,0
"20764",1,0
"20769",1,0
"20784",1,1
"20786",1,0
"20799",1,0
"20803",1,0
"20823",1,0
"20839",1,0
"20860",1,0
"20867",1,0
"20868",1,1
"20881",1,1
"20894",1,1
"20906",1,1
"20920",1,1
"20933",1,0
"20943",1,1
"20944",1,1
"20946",1,0
"20951",1,0
"20953",1,0
"20954",1,1
"20977",1,0
"20982",1,0
"20986",1,1
"20992",1,1
"21000",1,0
"21026",1,1
"21042",1,0
"21045",1,1
"21052",1,0
"21070",1,0
"21080",1,0
"21081",1,0
"21085",1,0
"21089",1,1
"21091",1,0
"21095",1,0
"21140",1,1
"21145",1,0
"21149",1,0
"21162",1,1
"21168",1,1
"21182",1,0
"21184",1,0
"21199",1,0
"21209",1,1
"21225",1,1
"21233",1,1
"21251",1,0
"21262",1,0
"21268",1,0
"21272",1,0
"21276",1,1
"21277",1,0
"21285",1,1
"21290",1,0
"21291",1,0
"21296",1,0
"21304",1,0
"21311",1,0
"21318",1,0
"21327",1,1
"21372",1,0
"21405",1,0
"21417",1,1
"21435",1,0
"21444",1,0
"21446",1,0
"21447",1,0
"21450",1,1
"21452",1,0
"21466",1,0
"21470",1,0
"21488",1,0
"21490",1,0
"21495",1,0
"21499",1,1
"21512",1,0
"21513",1,0
"21517",1,0
"21530",1,1
"21532",1,0
"21543",1,0
"21573",1,1
"21598",1,1
"21610",1,0
"21611",1,0
"21622",1,0
"21636",1,1
"21638",1,1
"21640",1,0
"21646",1,0
"21652",1,0
"21676",1,0
"21692",1,1
"21712",1,0
"21757",1,1
"21765",1,1
"21766",1,1
"21770",1,1
"21773",1,0
"21777",1,0
"21791",1,1
"21802",1,0
"21814",1,1
"21817",1,0
"21854",1,1
"21860",1,1
"21874",1,1
"21884",1,0
"21907",1,0
"21917",1,1
"21928",1,0
"21933",1,1
"21951",1,0
"21966",1,1
"21969",1,0
"21977",1,1
"22000",1,0
"22014",1,0
"22021",1,0
"22025",1,1
"22075",1,0
"22081",1,1
"22088",1,0
"22101",1,1
"22102",1,0
"22107",1,0
"22108",1,1
"22113",1,1
"22124",1,0
"22138",1,1
"22165",1,0
"22181",1,0
"22182",1,0
"22183",1,1
"22193",1,1
"22198",1,0
"22201",1,1
"22203",1,0
"22210",1,1
"22226",1,1
"22229",1,1
"22234",1,1
"22235",1,0
"22247",1,0
"22249",1,1
"22258",1,0
"22303",1,0
"22321",1,0
"22333",1,1
"22350",1,0
"22355",1,0
"22357",1,1
"22362",1,1
"22370",1,1
"22381",1,0
"22386",1,1
"22416",1,1
"22426",1,0
"22432",1,1
"22443",1,0
"22447",1,1
"22450",1,1
"22473",1,1
"22497",1,1
"22509",1,1
"22514",1,0
"22526",1,0
"22536",1,1
"22537",1,1
"22546",1,1
"22549",1,1
"22559",1,0
"22569",1,1
"22584",1,1
"22585",1,1
"22603",1,1
"22607",1,0
"22621",1,1
"22624",1,1
"22633",1,1
"22642",1,0
"22664",1,0
"22667",1,0
"22670",1,0
"22681",1,0
"22689",1,0
"22691",1,0
"22692",1,1
"22698",1,1
"22703",1,1
"22721",1,0
"22730",1,0
"22753",1,0
"22797",1,1
"22822",1,1
"22829",1,0
"22830",1,1
"22832",1,1
"22859",1,1
"22865",1,0
"22871",1,0
"22875",1,1
"22906",1,0
"22911",1,0
"22929",1,1
"22998",1,0
"23014",1,0
"23018",1,0
"23027",1,1
"23028",1,1
"23041",1,0
"23060",1,1
"23062",1,0
"23076",1,1
"23101",1,1
"23123",1,0
"23124",1,0
"23142",1,1
"23184",1,0
"23194",1,0
"23208",1,0
"23216",1,1
"23220",1,1
"23221",1,0
"23242",1,0
"23246",1,0
"23249",1,0
"23253",1,1
"23275",1,0
"23289",1,0
"23293",1,0
"23298",1,1
"23309",1,1
"23311",1,1
"23315",1,1
"23321",1,1
"23324",1,0
"23345",1,0
"23357",1,1
"23360",1,1
"23373",1,0
"23384",1,0
"23395",1,0
"23406",1,1
"23419",1,0
"23421",1,1
"23425",1,1
"23430",1,0
"23439",1,0
"23444",1,1
"23455",1,0
"23461",1,0
"23467",1,1
"23473",1,0
"23480",1,1
"23504",1,0
"23506",1,0
"23513",1,0
"23514",1,0
"23520",1,1
"23537",1,0
"23543",1,0
"23544",1,1
"23563",1,1
"23578",1,0
"23616",1,0
"23617",1,0
"23636",1,1
"23654",1,0
"23664",1,0
"23665",1,1
"23685",1,1
"23693",1,0
"23715",1,1
"23718",1,1
"23722",1,0
"23736",1,1
"23746",1,1
"23748",1,0
"23763",1,1
"23772",1,1
"23776",1,1
"23785",1,0
"23790",1,0
"23798",1,1
"23802",1,0
"23803",1,0
"23814",1,1
"23819",1,0
"23827",1,1
"23830",1,0
"23840",1,1
"23862",1,1
"23894",1,1
"23907",1,0
"23922",1,0
"23942",1,0
"23985",1,1
"23987",1,1
"23991",1,1
"24005",1,1
"24006",1,1
"24010",1,1
"24022",1,1
"24036",1,0
"24059",1,1
"24080",1,0
"24088",1,0
"24089",1,1
"24091",1,0
"24108",1,0
"24113",1,0
"24121",1,0
"24127",1,0
"24137",1,0
"24140",1,0
"24188",1,0
"24203",1,0
"24219",1,0
"24264",1,1
"24273",1,0
"24279",1,0
"24282",1,0
"24284",1,0
"24290",1,0
"24305",1,1
"24315",1,1
"24324",1,0
"24325",1,0
"24342",1,1
"24357",1,1
"24368",1,1
"24371",1,1
"24376",1,0
"24387",1,0
"24398",1,0
"24402",1,0
"24404",1,0
"24407",1,0
"24408",1,0
"24415",1,1
"24420",1,1
"24424",1,0
"24435",1,1
"24448",1,0
"24457",1,0
"24463",1,1
"24478",1,1
"24488",1,1
"24513",1,0
"24517",1,0
"24529",1,0
"24542",1,0
"24559",1,0
"24569",1,0
"24574",1,1
"24583",1,1
"24585",1,1
"24595",1,1
"24606",1,0
"24609",1,0
"24614",1,0
"24617",1,0
"24624",1,0
"24625",1,0
"24635",1,0
"24637",1,1
"24638",1,0
"24651",1,1
"24662",1,1
"24675",1,0
"24698",1,1
"24713",1,0
"24715",1,0
"24722",1,0
"24738",1,1
"24740",1,1
"24743",1,0
"24745",1,1
"24762",1,1
"24770",1,0
"24773",1,1
"24780",1,1
"24795",1,0
"24804",1,0
"24814",1,0
"24823",1,1
"24824",1,0
"24831",1,1
"24835",1,1
"24838",1,0
"24839",1,0
"24845",1,0
"24847",1,0
"24850",1,0
"24859",1,1
"24861",1,0
"24865",1,0
"24876",1,0
"24877",1,0
"24882",1,1
"24886",1,0
"24887",1,1
"24911",1,0
"24957",1,1
"24973",1,0
